{"cameraMode":{"drawMode":0,"name":"Shaded","section":"Shading Mode"},"sceneLighting":false,"audioPlay":false,"sceneViewState":{"m_AlwaysRefresh":false,"showFog":true,"showSkybox":false,"showFlares":true,"showImageEffects":true,"showParticleSystems":true,"showVisualEffectGraphs":true,"m_FxEnabled":true},"in2DMode":false,"pivot":{"x":3.968654155731201,"y":85.03767395019531,"z":118.1094741821289},"rotation":{"x":-0.24340470135211945,"y":-0.030843615531921388,"z":0.007744574453681707,"w":-0.969409704208374},"size":11.477367401123047,"orthographic":false}